{
    "type": "origins:recipe",
    "recipe": {
        "id": "origins:paperpinata/sugarcookie",
        "type": "minecraft:crafting_shapeless",
        "ingredients": [
            {
                "item": "minecraft:sweet_berries"
            },
            {
                "item": "minecraft:sweet_berries"
            },
            {
                "item": "minecraft:sweet_berries"
            },
            {
                "item": "minecraft:sweet_berries"
            },
            {
                "item": "minecraft:sweet_berries"
            },
            {
                "item": "minecraft:sweet_berries"
            },
            {
                "item": "minecraft:sweet_berries"
            },
            {
                "item": "minecraft:sweet_berries"
            },
            {
                "item": "minecraft:sweet_berries"
            }
        ],
        "result": {
            "item": "minecraft:sugar",
            "count": 9
        }
    },
    "name": "Sweet Recipe",
    "description": "Craft 9 sugar with 9 sweet berries in a crafting table"
}