{
    "type": "origins:recipe",
    "recipe": {
        "id": "origins:paperpinata/sugarcookie",
        "type": "minecraft:crafting_shapeless",
        "ingredients": [
            {
                "item": "minecraft:sugar"
            },
            {
                "item": "minecraft:sugar"
            },
            {
                "item": "minecraft:sugar"
            },
            {
                "item": "minecraft:sugar"
            }
        ],
        "result": {
            "item": "minecraft:cookie"
        }
    },
    "name": "Cookie Master",
    "description": "You are able to craft a cookie with 4 sugars in a crafting table"
}