{
    "type": "origins:modify_food",
    "item_condition": {
        "type": "origins:ingredient",
        "ingredient": {
            "item": "minecraft:cookie"
        }
    },
    "food_modifier": {
        "name": "Increased food points",
        "operation": "addition",
        "value": 1.0
    },
    "saturation_modifier": {
        "name": "Increased saturation points",
        "operation": "addition",
        "value": 0.4
    },
    "name": "Favorite Food",
    "description": "Eating cookies gives you more saturation than normal"
}