{
  "type": "origins:action_over_time",
  "condition": {
    "type": "origins:equipped_item",
    "equipment_slot": "offhand",
    "item_condition": {
      "type": "origins:ingredient",
      "ingredient": {
        "item": "minecraft:sugar"
      }
    }
  },
  "entity_action": {
    "type": "origins:and",
    "actions": [
      {
        "type": "origins:execute_command",
        "command": "clear @s sugar 1"
      },
      {
        "type": "origins:apply_effect",
        "effects": [
          {
            "effect": "minecraft:speed",
            "duration": 50,
            "amplifier": 1
          },
          {
            "effect": "minecraft:haste",
            "duration": 50,
            "amplifier": 0
          }
        ]
      }
    ]
  },
  "interval": 40,
  "name": "Sweet Kit",
  "description": "Start with some sugar related items"
}